{"cameraMode":{"drawMode":0,"name":"Shaded","section":"Shading Mode"},"sceneLighting":true,"audioPlay":false,"sceneViewState":{"m_AlwaysRefresh":false,"showFog":true,"showSkybox":true,"showFlares":true,"showImageEffects":true,"showParticleSystems":true,"showVisualEffectGraphs":true,"m_FxEnabled":true},"in2DMode":false,"pivot":{"x":0.12082564830780029,"y":-0.5627280473709106,"z":1.3597739934921265},"rotation":{"x":-0.22801363468170167,"y":0.10114280134439469,"z":-0.023819321766495706,"w":-0.9681094288825989},"size":0.770954430103302,"orthographic":false}