{"cameraMode":{"drawMode":0,"name":"Shaded","section":"Shading Mode"},"sceneLighting":false,"audioPlay":false,"sceneViewState":{"m_AlwaysRefresh":false,"showFog":true,"showSkybox":true,"showFlares":true,"showImageEffects":true,"showParticleSystems":true,"showVisualEffectGraphs":true,"m_FxEnabled":true},"in2DMode":false,"pivot":{"x":0.0923452079296112,"y":0.20000000298023225,"z":0.44999998807907107},"rotation":{"x":-0.061719369143247607,"y":-0.03981124237179756,"z":0.002541155554354191,"w":-0.9973286390304565},"size":0.17062319815158845,"orthographic":false}