{"cameraMode":{"drawMode":0,"name":"Shaded","section":"Shading Mode"},"sceneLighting":true,"audioPlay":false,"sceneViewState":{"m_AlwaysRefresh":false,"showFog":true,"showSkybox":true,"showFlares":true,"showImageEffects":true,"showParticleSystems":true,"showVisualEffectGraphs":true,"m_FxEnabled":true},"in2DMode":false,"pivot":{"x":-0.38376036286354067,"y":0.07619351148605347,"z":0.08848929405212403},"rotation":{"x":0.1743183583021164,"y":0.30899330973625185,"z":-0.05822443962097168,"w":0.9332884550094605},"size":0.3919193744659424,"orthographic":false}